City_ID,City,Country,Lat,Lng,Max Temp,Humidity,Cloudiness,Wind Speed,Current Description
0,Bandarbeyla,SO,9.4942,50.8122,81.46,65,71,29.21,broken clouds
1,Komsomolskiy,UZ,40.4272,71.7189,88.52,20,0,4.61,clear sky
2,Manaus,BR,-3.1019,-60.025,81.09,89,100,5.75,overcast clouds
3,Quthing,LS,-30.4,27.7003,61.86,12,0,4.03,clear sky
4,Aguimes,ES,27.9054,-15.4461,74.66,88,40,10.36,scattered clouds
5,Port Alfred,ZA,-33.5906,26.891,64.18,55,30,5.99,scattered clouds
6,Tezu,IN,27.9167,96.1667,76.86,97,100,2.51,overcast clouds
7,Bengkulu,ID,-3.8004,102.2655,79.07,81,86,0.74,moderate rain
8,Ribeira Grande,PT,38.5167,-28.7,77.4,78,20,8.05,few clouds
9,Port Shepstone,ZA,-30.7414,30.455,63.57,55,53,15.52,broken clouds
10,Haines Junction,CA,60.7522,-137.5108,28.35,93,82,1.14,broken clouds
11,Harare,ZW,-17.8294,31.0539,69.82,44,33,16.17,scattered clouds
12,Puerto Ayora,EC,-0.7393,-90.3518,69.55,90,97,3.0,overcast clouds
13,Bluff,NZ,-46.6,168.3333,52.52,86,84,11.43,broken clouds
14,Ushuaia,AR,-54.8,-68.3,44.26,61,20,8.05,few clouds
15,Aasiaat,GL,68.7098,-52.8699,36.48,97,100,17.49,light rain
16,Nikolskoye,RU,59.7035,30.7861,50.88,94,100,11.23,moderate rain
17,Saskylakh,RU,71.9167,114.0833,44.04,94,100,11.34,light rain
18,Qasigiannguit,GL,68.8193,-51.1922,35.06,97,100,13.2,light snow
19,Abha,SA,18.2164,42.5053,84.45,10,40,11.5,scattered clouds
20,Rikitea,PF,-23.1203,-134.9692,72.52,82,2,5.08,clear sky
21,Jamestown,US,42.097,-79.2353,65.52,69,0,8.05,clear sky
22,Vaini,TO,-21.2,-175.2,68.16,88,20,6.91,few clouds
23,Bamberg,DE,49.8795,10.8863,73.83,66,100,7.52,overcast clouds
24,Mataura,NZ,-46.1927,168.8643,49.01,83,66,3.36,broken clouds
25,Contepec,MX,20.0167,-100.1167,50.22,93,97,3.67,light rain
26,Busselton,AU,-33.65,115.3333,52.65,75,16,9.73,few clouds
27,Cape Town,ZA,-33.9258,18.4232,74.08,28,0,7.0,clear sky
28,Tuktoyaktuk,CA,69.4541,-133.0374,48.2,79,69,8.79,broken clouds
29,Mitsamiouli,KM,-11.3847,43.2844,80.89,65,75,20.71,light rain
30,Karratha,AU,-20.7377,116.8463,73.74,57,1,8.12,clear sky
31,Haileybury,CA,47.449,-79.6373,48.78,91,62,4.16,broken clouds
32,East London,ZA,-33.0153,27.9116,65.34,48,20,11.5,few clouds
33,Namibe,AO,-15.1961,12.1522,74.48,68,8,14.38,clear sky
34,Khatanga,RU,71.9667,102.5,45.05,78,73,14.97,broken clouds
35,Goderich,CA,43.7501,-81.7165,70.92,73,74,17.27,broken clouds
36,Kodiak,US,57.79,-152.4072,50.95,88,100,11.7,light rain
37,Butaritari,KI,3.0707,172.7902,81.95,77,26,17.02,scattered clouds
38,Pangody,RU,65.85,74.4859,49.32,57,97,15.55,overcast clouds
39,Nizhniy Odes,RU,63.6445,54.856,54.41,44,98,9.91,overcast clouds
40,Arraial Do Cabo,BR,-22.9661,-42.0278,64.36,68,20,4.61,few clouds
41,Saldanha,ZA,-33.0117,17.9442,78.85,35,0,5.61,clear sky
42,Msanga,TZ,-6.05,36.0333,82.78,32,57,12.1,broken clouds
43,La Joya,MX,18.6667,-99.4667,71.17,95,79,2.73,broken clouds
44,Tabou,CI,4.423,-7.3528,78.48,82,81,11.68,moderate rain
45,Mwingi,KE,-0.9344,38.0601,84.74,31,40,12.19,scattered clouds
46,Hithadhoo,MV,-0.6,73.0833,81.97,71,44,15.68,scattered clouds
47,Atuona,PF,-9.8,-139.0333,76.44,69,11,20.42,few clouds
48,Geraldton,AU,-28.7667,114.6,57.61,88,0,10.36,clear sky
49,Cherskiy,RU,68.75,161.3,36.61,90,74,8.93,broken clouds
50,Nedjo,ET,9.5046,35.5019,67.82,82,23,3.33,light rain
51,Cabo San Lucas,MX,22.8909,-109.9124,83.05,78,100,4.0,overcast clouds
52,Sabha,LY,27.0377,14.4283,99.07,15,0,4.25,clear sky
53,Aklavik,CA,68.2191,-135.0107,50.47,76,39,6.67,scattered clouds
54,Inongo,CD,-1.95,18.2667,75.07,72,40,1.99,scattered clouds
55,Barrow,US,71.2906,-156.7887,37.42,100,100,13.8,mist
56,Dyurtyuli,RU,55.4911,54.8688,87.6,27,22,15.32,few clouds
57,Port Elizabeth,ZA,-33.918,25.5701,68.09,54,0,12.66,clear sky
58,Hermanus,ZA,-34.4187,19.2345,67.8,40,0,18.1,clear sky
59,Praia Da Vitoria,PT,38.7333,-27.0667,78.76,88,75,5.01,broken clouds
60,Albany,US,42.6001,-73.9662,65.17,95,36,6.82,scattered clouds
61,Avarua,CK,-21.2078,-159.775,75.25,88,75,6.91,broken clouds
62,Chumikan,RU,54.7183,135.315,56.66,79,85,4.88,overcast clouds
63,Ilhabela,BR,-23.7781,-45.3581,64.87,70,26,9.4,scattered clouds
64,Beringovskiy,RU,63.05,179.3167,44.24,86,100,11.72,light rain
65,Upernavik,GL,72.7868,-56.1549,39.65,70,8,4.83,clear sky
66,Thinadhoo,MV,0.5333,72.9333,82.02,73,84,16.55,broken clouds
67,Ous,RU,60.9058,61.5186,48.69,96,100,9.22,overcast clouds
68,Kachug,RU,53.9606,105.8817,53.65,74,95,4.54,overcast clouds
69,Snizhne,UA,48.0261,38.7723,93.09,17,16,4.47,few clouds
70,Punta Arenas,CL,-53.15,-70.9167,41.11,81,40,8.05,scattered clouds
71,Anadyr,RU,64.75,177.4833,43.3,100,100,20.13,light intensity drizzle
72,Hami,CN,42.8,93.45,83.89,15,89,10.0,overcast clouds
73,Mount Isa,AU,-20.7333,139.5,74.97,50,59,5.75,light rain
74,Mount Gambier,AU,-37.8333,140.7667,45.07,91,72,5.73,broken clouds
75,Bowen,AU,-20.0167,148.2333,67.95,87,69,11.99,broken clouds
76,Abalak,RU,58.1286,68.5944,78.22,48,98,8.99,overcast clouds
77,Cockburn Town,TC,21.4612,-71.1419,82.85,77,52,13.24,broken clouds
78,Tasiilaq,GL,65.6145,-37.6368,37.92,98,100,6.44,light rain
79,Pangnirtung,CA,66.1451,-65.7125,41.0,75,20,3.44,few clouds
80,Samarai,PG,-10.6167,150.6667,80.31,84,90,10.18,overcast clouds
81,Buala,SB,-8.145,159.5921,79.3,85,100,10.71,light rain
82,Naze,JP,28.3667,129.4833,81.52,83,88,14.47,overcast clouds
83,Olafsvik,IS,64.8945,-23.7142,46.94,94,100,12.26,overcast clouds
84,Aviles,ES,43.5547,-5.9248,69.19,77,100,8.05,overcast clouds
85,Mandalgovi,MN,45.7625,106.2708,60.48,38,7,6.78,clear sky
86,Mao,ES,39.8885,4.2658,75.76,88,40,4.61,heavy intensity shower rain
87,Talnakh,RU,69.4865,88.3972,47.21,61,88,8.72,overcast clouds
88,Nome,US,64.5011,-165.4064,50.07,93,100,8.05,moderate rain
89,Kavieng,PG,-2.5744,150.7967,82.81,78,63,16.96,broken clouds
90,Hobart,AU,-42.8794,147.3294,55.26,63,20,5.75,few clouds
91,Sicamous,CA,50.8331,-118.9856,58.17,71,56,3.15,broken clouds
92,Luoyang,CN,34.6836,112.4536,77.34,58,43,6.24,scattered clouds
93,Linguere,SN,15.3953,-15.1193,82.62,83,75,9.22,broken clouds
94,Lasa,IT,46.6166,10.7002,71.69,70,70,2.73,broken clouds
95,Nishihara,JP,26.1842,127.7558,85.68,79,75,31.07,moderate rain
96,Methoni,GR,36.8197,21.7049,87.66,68,3,11.74,clear sky
97,Ilulissat,GL,69.2167,-51.1,34.54,98,100,9.42,light snow
98,Selishche,RU,56.8879,33.2691,50.88,85,100,11.77,overcast clouds
99,Hilo,US,19.7297,-155.09,77.29,96,82,1.01,broken clouds
100,Ostersund,SE,63.1792,14.6357,54.61,62,20,11.5,few clouds
101,Mwense,ZM,-10.3845,28.698,91.72,18,7,8.03,clear sky
102,Bambanglipuro,ID,-7.95,110.2833,76.05,91,87,7.7,overcast clouds
103,Bose,IT,45.4612,8.0137,80.29,70,28,4.83,scattered clouds
104,Bombay,IN,19.0144,72.8479,87.78,79,75,13.8,haze
105,Saint Anthony,US,45.0205,-93.218,63.14,88,0,1.01,clear sky
106,Pucallpa,PE,-8.3791,-74.5539,69.84,100,40,2.3,mist
107,Itarema,BR,-2.9248,-39.9167,85.17,44,17,14.45,few clouds
108,Porto Torres,IT,40.835,8.3972,78.98,70,99,14.9,moderate rain
109,Zabaykalsk,RU,49.6333,117.3167,48.65,30,47,6.78,scattered clouds
110,Colares,PT,38.7992,-9.4469,80.33,56,40,12.66,scattered clouds
111,Codrington,AU,-38.2667,141.9667,50.16,85,100,7.05,overcast clouds
112,Sitka,US,57.0531,-135.33,54.79,88,100,2.55,overcast clouds
113,Bredasdorp,ZA,-34.5322,20.0403,67.26,30,0,21.12,clear sky
114,Kruisfontein,ZA,-34.0033,24.7314,65.88,33,0,16.71,clear sky
115,Longyearbyen,SJ,78.2186,15.6401,40.84,70,75,3.44,broken clouds
116,Esperance,AU,-33.8667,121.9,54.37,76,13,8.28,few clouds
117,Lompoc,US,34.6391,-120.4579,56.59,94,0,3.44,clear sky
118,Provideniya,RU,64.3833,-173.3,47.32,98,100,6.69,overcast clouds
119,Constitucion,CL,-35.3333,-72.4167,51.28,86,100,4.09,overcast clouds
120,Chuy,UY,-33.6971,-53.4616,55.18,88,85,8.95,overcast clouds
121,Otjiwarongo,NA,-20.4637,16.6477,86.83,11,18,17.16,few clouds
122,Hovd,MN,48.0056,91.6419,63.7,39,36,10.89,scattered clouds
123,New Norfolk,AU,-42.7826,147.0587,54.9,63,39,4.0,scattered clouds
124,Thompson,CA,55.7435,-97.8558,39.36,93,75,3.44,broken clouds
125,Tuatapere,NZ,-46.1333,167.6833,50.25,92,76,2.68,broken clouds
126,Roma,US,43.2128,-75.4557,65.95,95,51,9.1,broken clouds
127,Lata,PT,40.1629,-8.3327,71.82,36,0,6.8,clear sky
128,Baikunthpur,IN,23.25,82.55,83.08,75,100,1.61,overcast clouds
129,Chunskiy,RU,56.0815,99.6342,62.83,78,68,11.81,broken clouds
130,Mulanje,MW,-16.0316,35.5,79.77,34,16,12.82,few clouds
131,Hailar,CN,49.2,119.7,49.24,32,13,9.57,few clouds
132,Bambous Virieux,MU,-20.3428,57.7575,77.25,65,40,13.8,scattered clouds
133,Bangolo,CI,7.0069,-7.475,71.22,99,100,0.54,light rain
134,Carutapera,BR,-1.195,-46.02,83.61,70,31,8.57,scattered clouds
135,Lebu,CL,-37.6167,-73.65,48.63,87,100,9.75,overcast clouds
136,Batemans Bay,AU,-35.7167,150.1833,59.09,84,100,3.18,overcast clouds
137,Manacapuru,BR,-3.2997,-60.6206,79.14,67,86,4.05,overcast clouds
138,Seoul,KR,37.5683,126.9778,72.84,85,0,2.3,clear sky
139,Mogadishu,SO,2.0371,45.3438,78.53,74,32,19.57,scattered clouds
140,Sakakah,SA,29.9697,40.2064,105.66,7,0,4.45,clear sky
141,Pasni,PK,25.2631,63.471,80.51,80,3,18.79,clear sky
142,Zaysan,KZ,47.4667,84.8667,77.7,17,4,4.68,clear sky
143,Morros,BR,-9.4467,-46.3003,77.2,44,10,15.52,clear sky
144,Nizhniy Chir,RU,48.3597,43.0865,89.02,26,36,2.28,scattered clouds
145,Lumby,CA,50.2498,-118.969,61.9,78,7,2.95,clear sky
146,Mar Del Plata,AR,-38.0023,-57.5575,51.1,55,7,7.0,clear sky
147,Jiujiang,CN,29.7333,115.9833,70.61,82,100,8.3,overcast clouds
148,Sao Filipe,CV,14.8961,-24.4956,76.64,82,83,12.06,light rain
149,Candelaria,PH,13.9311,121.4233,80.38,93,98,4.99,overcast clouds
150,Touros,BR,-5.1989,-35.4608,80.29,59,74,18.01,broken clouds
151,Krasnyy Chikoy,RU,50.3643,108.7512,49.51,69,22,4.34,few clouds
152,Villafranca De Los Barros,ES,38.5614,-6.3381,82.6,21,1,5.41,clear sky
153,Saint-Philippe,RE,-21.3585,55.7679,76.59,78,59,7.76,light rain
154,Torbay,CA,47.6666,-52.7314,70.75,88,64,8.99,broken clouds
155,Ancud,CL,-41.8697,-73.8203,46.22,96,100,4.16,light rain
156,Georgetown,MY,5.4112,100.3354,85.98,74,20,4.61,few clouds
157,Winchester,GB,51.0651,-1.3187,74.68,54,40,18.41,scattered clouds
158,Qaanaaq,GL,77.484,-69.3632,32.05,65,0,4.72,clear sky
159,Faanui,PF,-16.4833,-151.75,77.41,67,12,20.31,few clouds
160,Zyryanka,RU,65.75,150.85,47.7,46,30,6.02,scattered clouds
161,Alice Springs,AU,-23.7,133.8833,62.15,48,100,9.22,light rain
162,Zavitinsk,RU,50.1167,129.45,57.47,85,60,7.09,broken clouds
163,Bogorodskoye,RU,56.55,37.8833,58.26,72,94,15.17,overcast clouds
164,Mahebourg,MU,-20.4081,57.7,75.25,68,5,10.33,clear sky
165,Brosteni,RO,47.2333,25.7,69.24,69,100,2.75,overcast clouds
166,Bakel,SN,14.905,-12.4568,87.03,61,95,8.93,light rain
167,Sosnogorsk,RU,63.6023,53.8817,55.56,43,98,9.95,overcast clouds
168,Formosa,AR,-26.1775,-58.1781,66.43,50,19,9.71,few clouds
169,Jaru,BR,-10.4389,-62.4664,82.2,37,0,3.15,clear sky
170,Chokurdakh,RU,70.6333,147.9167,38.05,70,21,10.49,few clouds
171,Klaksvik,FO,62.2266,-6.589,54.52,83,3,15.7,clear sky
172,Plouzane,FR,48.3833,-4.6167,75.52,70,63,11.74,broken clouds
173,Liberal,US,37.0431,-100.921,63.64,72,98,5.35,overcast clouds
174,Ponta Do Sol,PT,32.6667,-17.1,80.71,64,7,5.48,clear sky
175,Nizhniy Tsasuchey,RU,50.5167,115.1333,51.42,33,45,7.31,scattered clouds
176,Ratnagiri,IN,16.9833,73.3,82.09,85,45,12.35,heavy intensity rain
177,Yellowknife,CA,62.456,-114.3525,53.56,100,99,5.01,overcast clouds
178,Kaeo,NZ,-35.1,173.7833,50.32,94,100,4.29,overcast clouds
179,Richards Bay,ZA,-28.783,32.0377,64.42,58,90,16.22,overcast clouds
180,Urengoy,RU,65.9667,78.3667,47.43,67,100,12.5,overcast clouds
181,Pisco,PE,-13.7,-76.2167,58.01,87,26,0.96,scattered clouds
182,Gamba,GA,-2.65,10.0,80.17,68,91,10.67,overcast clouds
183,Berlevag,NO,70.8578,29.0864,46.4,76,75,9.22,broken clouds
184,Domoni,KM,-12.2569,44.5319,77.59,66,65,12.97,broken clouds
185,Kapit,MY,2.0167,112.9333,76.62,87,99,1.61,overcast clouds
186,Lagos,NG,6.5833,3.75,80.92,79,100,10.07,moderate rain
187,Kapaa,US,22.0752,-159.319,71.1,78,3,7.94,clear sky
188,Bonfim,BR,3.0833,-59.95,78.8,79,92,2.57,overcast clouds
189,Viedma,AR,-40.8135,-62.9967,53.96,34,100,10.83,overcast clouds
190,Nanortalik,GL,60.1432,-45.2371,40.75,79,14,11.88,few clouds
191,Hamilton,US,39.1834,-84.5333,61.86,94,0,1.92,clear sky
192,Beloha,MG,-25.1667,45.05,68.18,52,87,24.56,light rain
193,Tiksi,RU,71.6872,128.8694,40.42,97,100,5.77,light rain
194,Salalah,OM,17.0151,54.0924,79.07,78,82,11.48,broken clouds
195,Darhan,MN,49.4867,105.9228,57.78,54,19,6.76,few clouds
196,Nyurba,RU,63.2842,118.3319,39.9,94,100,6.38,overcast clouds
197,Paamiut,GL,61.994,-49.6678,40.05,75,11,12.75,few clouds
198,Trairi,BR,-3.2778,-39.2689,84.88,43,9,11.81,clear sky
199,Sao Felix Do Xingu,BR,-6.6447,-51.995,85.39,33,75,1.25,broken clouds
200,North Bend,US,43.4065,-124.2243,56.91,97,100,6.91,overcast clouds
201,Rockhampton,AU,-23.3833,150.5,64.29,88,100,5.75,overcast clouds
202,Madera,US,37.1666,-119.8343,84.07,32,0,1.59,clear sky
203,Korla,CN,41.7597,86.1469,84.11,17,60,4.07,broken clouds
204,Ubinskoye,RU,55.3068,79.6802,78.64,41,16,9.08,few clouds
205,Paita,PE,-5.0892,-81.1144,61.88,86,72,11.83,broken clouds
206,Luena,AO,-11.7833,19.9167,90.59,12,0,6.78,clear sky
207,Los Llanos De Aridane,ES,28.6585,-17.9182,76.12,80,40,3.0,scattered clouds
208,Severo-Kurilsk,RU,50.6789,156.125,53.78,74,48,5.57,scattered clouds
209,Areosa,PT,41.7178,-8.8571,70.43,65,29,8.05,scattered clouds
210,Madimba,TZ,-10.4,40.3333,83.16,53,26,18.75,scattered clouds
211,Taoudenni,ML,22.6783,-3.9836,108.54,15,0,6.8,clear sky
212,Benguela,AO,-12.5763,13.4055,75.49,71,40,10.87,scattered clouds
213,Ulladulla,AU,-35.35,150.4667,52.77,86,96,3.47,overcast clouds
214,Chino Valley,US,34.7575,-112.4538,71.98,51,2,2.59,clear sky
215,Mahajanga,MG,-15.7167,46.3167,82.6,49,39,13.96,scattered clouds
216,Nemuro,JP,43.3236,145.575,61.79,93,100,27.25,light rain
217,Kahului,US,20.8947,-156.47,79.84,76,38,3.0,scattered clouds
218,Lavrentiya,RU,65.5833,-171.0,43.23,99,100,5.91,light rain
219,Cidreira,BR,-30.1811,-50.2056,59.68,70,0,15.9,clear sky
220,Nabire,ID,-3.3667,135.4833,77.54,88,99,3.38,heavy intensity rain
221,Krasnaya Gora,RU,52.9995,31.6023,69.35,38,75,14.56,broken clouds
222,Yerofey Pavlovich,RU,53.9667,121.9667,41.5,64,50,3.71,scattered clouds
223,Pokhara,NP,28.2333,83.9833,76.12,94,86,2.28,overcast clouds
224,Flin Flon,CA,54.7682,-101.865,49.57,74,52,8.48,broken clouds
225,Maues,BR,-3.3836,-57.7186,82.35,37,67,2.21,broken clouds
226,Nizwa,OM,22.9333,57.5333,99.86,17,5,8.9,clear sky
227,Montepuez,MZ,-13.1256,38.9997,86.29,24,56,9.44,broken clouds
228,Lagoa,PT,39.05,-27.9833,71.87,79,100,9.33,overcast clouds
229,Petropavlovka,RU,50.6114,105.3196,57.47,71,55,2.44,broken clouds
230,Bethel,US,41.3712,-73.414,70.48,88,67,1.99,broken clouds
231,Castro,BR,-24.7911,-50.0119,51.44,78,80,11.92,broken clouds
232,Tiznit,MA,29.5833,-9.5,96.13,25,58,7.9,broken clouds
233,Husavik,IS,66.0449,-17.3389,55.11,85,100,6.73,overcast clouds
234,Carballo,ES,43.213,-8.691,74.62,75,78,5.28,broken clouds
235,Brae,GB,60.3964,-1.353,56.17,71,98,7.16,overcast clouds
236,Terra Santa,BR,-2.1042,-56.4869,83.64,39,0,1.72,clear sky
237,Acarau,BR,-2.8856,-40.12,84.96,46,22,15.21,few clouds
238,Norman Wells,CA,65.282,-126.8329,51.93,85,99,3.44,overcast clouds
239,Zyryanovsk,KZ,49.7386,84.2719,82.18,19,26,8.01,scattered clouds
240,Waingapu,ID,-9.6567,120.2641,78.42,80,46,2.53,scattered clouds
241,Lumeje,AO,-11.55,20.7833,92.48,15,2,5.48,clear sky
242,Kamenka,RU,51.3223,42.7678,89.83,22,23,14.83,few clouds
243,Itacarambi,BR,-15.1022,-44.0919,70.29,42,3,9.26,clear sky
244,Pryazha,RU,61.6926,33.6216,47.43,96,100,14.79,light rain
245,Luderitz,NA,-26.6481,15.1594,70.68,48,91,0.85,overcast clouds
246,Husum,DE,54.4858,9.0524,71.89,38,32,9.78,scattered clouds
247,Anavra,GR,39.2,22.0833,80.56,29,5,4.56,clear sky
248,Awbari,LY,26.5921,12.7805,99.16,15,0,6.76,clear sky
249,Sola,VU,-13.8833,167.55,78.49,79,85,23.78,overcast clouds
250,Shakawe,BW,-18.3667,21.85,89.17,15,0,10.29,clear sky
251,San Luis,AR,-33.295,-66.3356,56.88,27,92,2.98,overcast clouds
252,Half Moon Bay,US,37.4636,-122.4286,62.51,90,100,5.75,overcast clouds
253,Katsuura,JP,35.1333,140.3,80.53,88,56,16.96,broken clouds
254,Kukushtan,RU,57.6464,56.4952,69.42,63,83,7.67,broken clouds
255,Tura,IN,25.5198,90.2201,76.82,93,100,2.04,overcast clouds
256,Atambua,ID,-9.1061,124.8925,73.8,87,55,2.26,broken clouds
257,Imperia,IT,43.9667,7.7833,75.99,70,91,5.46,overcast clouds
258,Tarko-Sale,RU,64.9225,77.785,49.55,59,96,14.18,overcast clouds
259,Coquimbo,CL,-29.9533,-71.3436,53.8,82,100,0.74,overcast clouds
260,San Jeronimo,PE,-11.9472,-75.2829,47.86,71,52,0.83,broken clouds
261,Grindavik,IS,63.8424,-22.4338,54.07,100,100,27.63,overcast clouds
262,Oranjemund,NA,-28.55,16.4333,70.3,45,80,13.94,light rain
263,Wenling,CN,28.3669,121.36,78.8,79,53,14.72,broken clouds
264,Crepy-En-Valois,FR,49.2336,2.8881,78.35,49,53,8.28,broken clouds
265,Clyde River,CA,70.4692,-68.5914,39.06,68,57,8.12,broken clouds
266,Broome,US,42.2506,-75.833,64.62,90,61,5.01,broken clouds
267,Saint George,US,37.1041,-113.5841,79.95,26,0,6.91,clear sky
268,Rocha,UY,-34.4833,-54.3333,53.62,87,94,10.96,overcast clouds
269,Ugoofaaru,MV,5.6667,73.0,77.67,82,100,25.5,overcast clouds
270,Zarubino,RU,42.63,131.0922,64.35,91,5,8.14,clear sky
271,Poum,NC,-20.2333,164.0167,73.29,75,76,17.83,broken clouds
272,Dumas,US,35.8656,-101.9732,64.54,88,0,0.0,clear sky
273,Hambantota,LK,6.1241,81.1185,80.94,89,100,11.5,light intensity shower rain
274,Iralaya,HN,15.0,-83.2333,77.49,88,100,10.71,overcast clouds
275,Kavaratti,IN,10.5669,72.642,79.38,84,100,15.93,moderate rain
276,Saint-Joseph,RE,-21.3667,55.6167,75.58,78,61,1.92,light rain
277,Contamana,PE,-7.3333,-75.0167,71.2,75,23,0.29,few clouds
278,Dikson,RU,73.5069,80.5464,41.63,86,100,13.24,overcast clouds
279,Ukiah,US,39.1502,-123.2078,63.64,87,0,1.45,clear sky
280,Tsabong,BW,-26.0217,22.401,80.46,24,28,16.4,scattered clouds
281,Padang,ID,-0.9492,100.3543,84.25,84,53,0.92,light rain
282,Benidorm,ES,38.5382,-0.131,92.59,68,6,8.01,clear sky
283,Mecca,SA,21.4267,39.8261,110.57,14,3,18.84,clear sky
284,Bathsheba,BB,13.2167,-59.5167,83.01,78,75,12.66,broken clouds
285,Malpura,IN,26.2833,75.3833,91.42,51,83,7.36,broken clouds
286,Saint-Augustin,CA,51.226,-58.6502,66.16,94,93,10.69,overcast clouds
287,Ixtapa,MX,20.7,-105.2,78.22,100,20,4.61,few clouds
288,Muzhi,RU,65.3667,64.6667,51.06,55,96,11.65,overcast clouds
289,Surt,LY,31.2089,16.5887,84.4,57,0,10.69,clear sky
290,Ransang,PH,8.9603,117.5828,80.42,83,100,0.89,light rain
291,Nelson Bay,AU,-32.7167,152.15,63.0,99,70,10.0,light rain
292,Maceio,BR,-9.6658,-35.7353,76.44,83,75,11.5,broken clouds
293,Tambopata,PE,-12.7333,-69.1833,66.09,88,0,0.0,clear sky
294,Port Hawkesbury,CA,45.6169,-61.3485,73.89,87,75,10.36,broken clouds
295,Selizharovo,RU,56.8519,33.4487,51.04,85,100,11.99,overcast clouds
296,Dungarvan,IE,52.0881,-7.6253,68.54,75,98,14.0,overcast clouds
297,Kuminskiy,RU,58.6667,66.5667,78.3,49,90,7.18,overcast clouds
298,Ternate,ID,0.8,127.4,81.82,75,98,5.26,overcast clouds
299,Ritchie,ZA,-29.038,24.6028,74.19,28,0,10.58,clear sky
300,Necochea,AR,-38.5473,-58.7368,49.59,77,7,9.95,clear sky
301,Ahuimanu,US,21.4447,-157.8378,74.91,82,0,5.75,clear sky
302,Waipawa,NZ,-41.4122,175.5153,49.19,80,44,15.79,scattered clouds
303,Bom Jesus,BR,-9.0744,-44.3586,79.74,43,81,10.8,broken clouds
304,Chapais,CA,49.7834,-74.8492,51.58,94,100,4.41,overcast clouds
305,Victoria,HK,22.2855,114.1577,87.85,82,27,8.01,scattered clouds
306,Floresta,BR,-8.6011,-38.5686,70.95,67,99,17.65,overcast clouds
307,Shellbrook,CA,53.2168,-106.4011,63.81,57,0,6.58,clear sky
308,Kenai,US,60.5544,-151.2583,52.14,96,100,0.0,light rain
309,Puerto Escondido,MX,15.85,-97.0667,78.24,85,96,4.09,overcast clouds
310,Abaza,RU,52.655,90.0928,68.76,47,40,7.09,scattered clouds
311,Moscow,RU,55.7522,37.6156,69.35,67,90,16.08,overcast clouds
312,Porec,HR,45.2258,13.5939,83.05,66,98,7.47,overcast clouds
313,Butajira,ET,8.1167,38.3667,69.06,65,26,3.29,light rain
314,Kilindoni,TZ,-7.9139,39.6668,77.14,73,4,11.77,clear sky
315,Pacific Grove,US,36.6177,-121.9166,57.65,94,100,13.0,overcast clouds
316,Bernal,PE,-5.45,-80.75,61.7,85,66,10.2,broken clouds
317,Royal Palm Beach,US,26.7084,-80.2306,82.36,94,40,0.0,scattered clouds
318,Bayir,TR,37.2687,28.2167,84.72,28,0,9.13,clear sky
319,Mehamn,NO,71.0357,27.8492,49.91,71,75,5.75,broken clouds
320,Namuac,PH,18.6109,121.1657,81.88,85,56,7.58,broken clouds
321,Waitati,NZ,-45.75,170.5667,51.8,75,100,4.43,light rain
322,Umm Kaddadah,SD,13.6017,26.6876,89.69,37,94,3.47,overcast clouds
323,Raichur,IN,16.2,77.3667,87.93,55,80,6.64,broken clouds
324,Eisiskes,LT,54.1667,25.0,63.32,52,34,8.41,scattered clouds
325,Qena,EG,26.1615,32.7183,109.87,16,0,11.63,clear sky
326,Narsaq,GL,60.9167,-46.05,44.82,53,4,3.56,clear sky
327,Guanica,PR,17.9716,-66.908,84.97,85,62,2.93,broken clouds
328,Verkhoyansk,RU,67.5447,133.385,53.33,68,83,2.59,broken clouds
329,Bucerias,MX,20.75,-105.3333,78.98,100,20,4.61,few clouds
330,Xai-Xai,MZ,-25.0519,33.6442,67.51,55,75,16.67,broken clouds
331,Iqaluit,CA,63.7506,-68.5145,36.7,93,18,9.78,few clouds
332,Tecoanapa,MX,16.5167,-98.75,75.4,89,28,3.51,scattered clouds
333,Laem Sing,TH,12.4816,102.0738,83.01,86,100,2.15,overcast clouds
334,Panama City,PA,8.9936,-79.5197,77.16,91,20,3.44,few clouds
335,Cap Malheureux,MU,-19.9842,57.6142,75.47,63,4,8.99,clear sky
336,Yelatma,RU,54.9675,41.7508,79.99,36,21,16.17,few clouds
337,Kirakira,SB,-10.4544,161.9205,78.91,86,100,9.8,light rain
338,Sao Joao Da Barra,BR,-21.6403,-41.0511,66.29,64,88,8.9,overcast clouds
339,Lengshuijiang,CN,27.6881,111.4294,73.18,66,96,5.73,overcast clouds
340,Sistranda,NO,63.7256,8.834,57.16,73,25,10.76,scattered clouds
341,Vestmannaeyjar,IS,63.4427,-20.2734,54.59,94,100,32.21,moderate rain
342,Kristianstad,SE,56.0313,14.1524,71.35,44,0,4.61,clear sky
343,La Asuncion,VE,11.0333,-63.8628,81.16,74,25,6.2,scattered clouds
344,Policarpa,CO,1.6323,-77.462,67.3,79,60,2.93,broken clouds
345,Stephenville,US,32.2207,-98.2023,74.25,94,100,3.44,overcast clouds
346,Coihaique,CL,-45.5752,-72.0662,43.41,87,75,5.75,broken clouds
347,Natal,BR,-5.795,-35.2094,79.45,65,20,12.66,few clouds
348,Iquitos,PE,-3.7481,-73.2472,71.64,100,37,0.0,scattered clouds
349,Teopantlan,MX,18.7167,-98.2667,63.05,87,66,1.86,broken clouds
350,Hun,LY,29.1268,15.9477,93.52,28,0,4.56,clear sky
351,Gualeguaychu,AR,-33.0094,-58.5172,53.89,88,70,8.25,broken clouds
352,Airai,TL,-8.9266,125.4092,59.81,94,70,2.68,broken clouds
353,Prince George,CA,53.9166,-122.753,54.63,95,0,1.01,clear sky
354,Znamenskoye,RU,57.1281,73.8282,75.76,58,100,5.14,overcast clouds
355,Ketchikan,US,55.3422,-131.6461,60.78,94,100,3.44,moderate rain
356,Kathu,TH,7.9178,98.3332,86.7,99,85,6.51,light rain
357,Dunmore East,IE,52.1514,-6.9861,68.65,60,0,17.27,clear sky
358,Lorengau,PG,-2.0226,147.2712,81.81,81,100,9.66,overcast clouds
359,San Quintin,MX,30.4833,-115.95,70.52,88,6,8.5,clear sky
360,Te Anau,NZ,-45.4167,167.7167,50.2,96,100,3.11,overcast clouds
361,Khasan,RU,42.4308,130.6434,64.2,90,1,7.25,clear sky
362,Rafaela,AR,-31.2503,-61.4867,57.99,51,4,5.01,clear sky
363,Monrovia,LR,6.3005,-10.7969,78.78,80,97,10.09,light rain
364,Kaitangata,NZ,-46.2817,169.8464,46.53,86,85,5.88,overcast clouds
365,Fairview,US,40.8126,-73.999,74.23,81,0,12.66,clear sky
366,Homer,US,59.6425,-151.5483,56.8,73,100,5.99,overcast clouds
367,Kasempa,ZM,-13.4584,25.8338,84.72,18,0,7.2,clear sky
368,Srednekolymsk,RU,67.45,153.6833,39.38,71,23,5.91,few clouds
369,Lalibela,ET,12.0333,39.0333,69.6,55,54,0.85,broken clouds
370,Kalmunai,LK,7.4167,81.8167,80.28,81,93,2.71,overcast clouds
371,Tagusao,PH,9.1924,117.8141,81.77,77,100,1.88,light rain
372,Novorozhdestvenskaya,RU,45.8619,39.9542,99.41,18,4,5.23,clear sky
373,Kalaleh,IR,37.3807,55.4916,98.69,13,0,8.79,clear sky
374,Hanna,CA,51.6334,-111.9018,62.85,63,14,6.38,few clouds
375,Pochutla,MX,15.7432,-96.4661,74.82,90,100,2.06,overcast clouds
376,Pampierstad,ZA,-27.7832,24.6877,77.2,30,0,13.11,clear sky
377,Murree,PK,33.9073,73.393,75.24,61,5,3.65,clear sky
378,La Mata,PA,8.0833,-80.8833,74.98,92,100,2.08,overcast clouds
379,Voh,NC,-20.9667,164.7,67.05,87,46,4.47,scattered clouds
380,Santa Maria,BR,-29.6842,-53.8069,55.76,71,70,6.13,broken clouds
381,Vallenar,CL,-28.5708,-70.7581,51.93,89,2,3.27,clear sky
382,Lewistown,US,40.5992,-77.5714,67.8,95,3,3.49,clear sky
383,Santa Rosa,PH,14.3122,121.1114,83.1,84,90,8.16,overcast clouds
384,Ceyranbatan,AZ,40.5408,49.6597,91.11,26,0,19.19,clear sky
385,Havoysund,NO,70.9963,24.6622,46.63,69,96,10.51,overcast clouds
386,Leningradskiy,RU,69.3833,178.4167,33.67,99,100,12.33,snow
387,Matadi,CD,-5.8167,13.45,92.88,36,54,7.56,broken clouds
388,High Level,CA,58.5169,-117.136,51.87,77,62,4.88,broken clouds
389,Shush,IR,32.1942,48.2436,112.3,8,0,4.45,clear sky
390,Makakilo City,US,21.3469,-158.0858,73.72,78,0,5.75,clear sky
391,Auki,SB,-8.7676,160.7034,75.79,91,100,5.66,light rain
392,Fortuna,US,40.5982,-124.1573,57.34,96,100,3.44,overcast clouds
393,Veraval,IN,20.9,70.3667,82.9,78,33,14.45,scattered clouds
394,Gawler,AU,-34.6,138.7333,49.46,86,4,4.03,clear sky
395,Berbera,SO,10.4396,45.0143,95.4,46,10,13.4,clear sky
396,Alofi,NU,-19.0595,-169.9187,76.84,77,1,9.82,light rain
397,Male,MV,4.1748,73.5089,78.24,83,100,19.19,light rain
398,Harper,LR,4.375,-7.7169,77.47,84,93,13.06,moderate rain
399,Aksarka,RU,66.5606,67.7975,51.73,46,96,7.18,overcast clouds
400,Tari,NG,12.4086,4.4914,88.41,57,85,11.27,overcast clouds
401,Sao Gabriel Da Cachoeira,BR,-0.1303,-67.0892,71.65,97,100,2.24,overcast clouds
402,Hasaki,JP,35.7333,140.8333,79.29,86,23,19.55,few clouds
403,Vazante,BR,-17.9869,-46.9078,67.91,54,40,11.14,scattered clouds
404,Pevek,RU,69.7008,170.3133,31.6,92,92,14.45,overcast clouds
405,College,US,64.8569,-147.8028,53.8,85,75,3.44,broken clouds
406,Guerrero Negro,MX,27.9769,-114.0611,70.25,89,89,10.65,overcast clouds
407,Malinovoye Ozero,RU,51.6753,79.7825,84.2,24,61,8.16,broken clouds
408,Novobataysk,RU,46.8981,39.7819,92.8,15,4,3.13,clear sky
409,Sur,OM,22.5667,59.5289,89.6,46,5,4.83,clear sky
410,Carnarvon,AU,-24.8667,113.6333,68.05,66,0,26.35,clear sky
411,Flinders,AU,-34.5833,150.8552,60.39,84,100,4.0,overcast clouds
412,Praya,CV,14.9215,-23.5087,82.11,69,79,4.18,light rain
413,Mayo,US,38.8876,-76.5119,74.98,85,0,6.91,clear sky
414,Grand Forks,US,47.9417,-97.4337,57.13,82,0,4.61,clear sky
415,Zinder,NE,13.8072,8.9881,92.19,37,55,4.94,broken clouds
416,Victor Harbor,AU,-35.5667,138.6167,47.68,89,16,5.64,few clouds
417,Floridablanca,CO,7.0622,-73.0864,70.12,94,40,8.05,scattered clouds
418,Tripoli,LY,32.8752,13.1875,87.44,45,0,6.96,clear sky
419,Trat,TH,12.5,102.5,82.87,90,100,2.06,overcast clouds
420,Amuntai,ID,-2.4177,115.2494,75.34,91,93,1.63,moderate rain
421,Kloulklubed,PW,7.0419,134.2556,77.5,68,40,3.98,scattered clouds
422,Kodinsk,RU,58.6881,99.1844,59.97,95,100,13.33,light rain
423,Crotone,IT,39.0851,17.1178,85.19,58,0,8.68,clear sky
424,Quatre Cocos,MU,-20.2078,57.7625,75.09,68,4,9.55,clear sky
425,Buraydah,SA,26.326,43.975,105.19,7,0,6.58,clear sky
426,Puerto Madero,MX,14.7208,-92.4215,73.6,100,40,0.0,scattered clouds
427,Edgewater,US,28.9889,-80.9023,78.94,94,0,4.61,clear sky
428,Quang Ngai,VN,15.1167,108.8,80.04,81,66,3.49,broken clouds
429,Qaqortoq,GL,60.7167,-46.0333,42.71,60,3,4.27,clear sky
430,Pont-Saint-Esprit,FR,44.2549,4.6474,84.81,52,93,16.53,overcast clouds
431,Elat,IL,29.5581,34.9482,105.64,29,0,13.8,clear sky
432,Aswan,EG,24.0934,32.907,110.25,14,0,13.96,clear sky
433,Fairbanks,US,64.8378,-147.7164,53.82,86,20,3.44,few clouds
434,Moose Jaw,CA,50.4001,-105.5344,68.61,45,11,8.16,few clouds
435,Ahipara,NZ,-35.1667,173.1667,51.12,77,100,5.77,overcast clouds
436,Adrar,MR,20.5022,-10.0711,91.53,42,13,3.18,few clouds
437,Zhigansk,RU,66.7697,123.3711,43.07,78,97,8.86,overcast clouds
438,Zhanaozen,KZ,43.3,52.8,94.17,12,0,3.71,clear sky
439,Luangwa,ZM,-15.6167,30.4167,86.31,28,0,13.67,clear sky
440,Saiha,IN,22.4833,92.9667,73.98,96,100,0.69,light rain
441,Vardo,NO,70.3705,31.1107,46.38,76,75,10.36,broken clouds
442,Grand Baie,MU,-20.0182,57.5802,75.45,63,4,8.99,clear sky
443,Tarauaca,BR,-8.1614,-70.7656,71.89,61,13,1.1,few clouds
444,Si Satchanalai,TH,17.5169,99.7598,84.24,73,64,0.11,broken clouds
445,Birao,CF,10.2849,22.7882,84.58,67,94,4.07,light rain
446,Poletayevo,RU,55.0336,61.1138,85.82,24,98,14.2,overcast clouds
447,Vila Franca Do Campo,PT,37.7167,-25.4333,75.61,66,41,3.62,scattered clouds
448,Xinzhou,CN,38.4092,112.7333,65.7,56,25,0.74,scattered clouds
449,Daru,PG,-9.0763,143.2092,78.21,89,95,15.41,overcast clouds
450,Zaozerne,UA,45.1582,33.2787,86.0,48,28,14.52,scattered clouds
451,Wad Rawah,SD,15.1603,33.1397,98.78,29,14,12.73,few clouds
452,Qui Nhon,VN,13.7667,109.2333,81.93,81,92,5.99,overcast clouds
453,Vredendal,ZA,-31.6683,18.5012,86.52,10,0,27.4,clear sky
454,Chisinau,MD,47.0056,28.8575,84.92,49,0,13.8,clear sky
455,Okato,NZ,-39.2,173.8833,51.17,74,16,1.01,few clouds
456,Warwick,US,41.7001,-71.4162,74.01,89,75,5.75,broken clouds
457,Fort-Shevchenko,KZ,44.5086,50.263,85.82,37,0,14.43,clear sky
458,Honiara,SB,-9.4333,159.95,76.66,90,100,8.86,moderate rain
459,Santa,PH,17.486,120.4348,80.04,86,86,1.57,moderate rain
460,Erdenet,MN,49.0333,104.0833,52.29,76,19,4.59,few clouds
461,Tilichiki,RU,60.4667,166.1,43.99,76,100,9.31,overcast clouds
462,Kadi,IN,23.3,72.3333,98.46,51,38,6.22,scattered clouds
463,Hatillo,PR,18.4863,-66.8254,84.85,82,28,3.0,scattered clouds
464,Marga,RO,45.5,22.5167,73.36,75,65,1.81,broken clouds
465,Bilibino,RU,68.0546,166.4372,30.4,88,67,7.65,broken clouds
466,Grand-Santi,GF,4.25,-54.3833,77.85,86,100,0.98,overcast clouds
467,Cairns,AU,-16.9167,145.7667,71.55,82,9,13.8,clear sky
468,Sulangan,PH,11.1373,123.7228,85.51,70,71,3.76,broken clouds
469,Tommot,RU,58.9564,126.2925,39.67,78,63,3.71,broken clouds
470,Hualmay,PE,-11.0964,-77.6139,59.77,85,58,9.75,broken clouds
471,Port Hedland,AU,-20.3167,118.5667,71.65,73,16,8.05,few clouds
472,Miles City,US,46.4083,-105.8406,61.77,51,0,9.22,clear sky
473,West Wendover,US,40.7391,-114.0733,69.01,32,0,3.44,clear sky
474,Altay,CN,47.8667,88.1167,73.65,22,0,7.72,clear sky
475,Herat,AF,34.5,62.0,86.59,10,0,29.35,clear sky
476,Figeac,FR,44.75,1.9167,84.76,27,100,3.09,overcast clouds
477,Tessalit,ML,20.1986,1.0114,102.69,10,39,11.34,scattered clouds
478,Kuldur,RU,49.2167,131.6333,56.3,94,56,2.62,broken clouds
479,Batagay,RU,67.6333,134.6333,51.31,86,88,4.54,overcast clouds
480,Yeppoon,AU,-23.1333,150.7333,64.18,92,93,5.5,overcast clouds
481,Ludvika,SE,60.1496,15.1878,59.34,42,43,7.45,scattered clouds
482,Solnechnyy,RU,50.7214,136.6319,55.51,96,21,4.61,few clouds
483,La Rioja,ES,42.25,-2.5,74.98,42,69,8.23,broken clouds
484,Somerset,US,40.5668,-74.5496,73.11,95,0,1.01,clear sky
485,Hirara,JP,24.8,125.2833,85.26,82,100,29.33,moderate rain
486,Douglas,US,41.3,-96.167,62.31,91,0,3.44,clear sky
487,Providencia,MX,28.7167,-111.5833,84.61,77,54,7.45,broken clouds
488,Dixon,US,38.4455,-121.8233,64.42,73,0,4.61,clear sky
489,Dryden,CA,49.7833,-92.7503,47.89,87,3,4.43,clear sky
490,Port Blair,IN,11.6667,92.75,81.99,80,33,8.41,scattered clouds
491,Saint-Michel-Des-Saints,CA,46.6834,-73.9159,60.94,98,100,6.96,overcast clouds
492,Kholtoson,RU,50.2981,103.3097,52.39,80,19,5.37,few clouds
493,Camacha,PT,33.0833,-16.3333,71.02,68,20,14.97,few clouds
494,Wattegama,LK,6.7989,81.4808,80.76,71,100,8.21,overcast clouds
495,Balclutha,NZ,-46.2339,169.75,44.19,90,83,4.03,broken clouds
496,Marawi,PH,7.9986,124.2928,70.21,94,100,4.54,heavy intensity rain
497,Moussoro,TD,13.6408,16.4901,93.04,45,63,4.29,broken clouds
498,Narasannapeta,IN,18.4167,84.05,85.73,72,23,8.79,few clouds
499,Yarada,IN,17.65,83.2667,86.32,74,75,9.22,moderate rain
500,Parabel,RU,58.6978,81.4825,59.5,77,92,6.71,overcast clouds
501,Essex,US,40.7834,-74.2163,73.45,90,20,6.91,few clouds
502,Sorong,ID,-0.8833,131.25,79.3,83,100,7.52,heavy intensity rain
503,Raudeberg,NO,61.9875,5.1352,61.47,80,5,5.32,clear sky
504,Rehoboth,NA,-23.3167,17.0833,86.72,10,34,20.11,scattered clouds
505,Sunggal,ID,3.5765,98.6151,82.38,78,40,7.0,scattered clouds
506,Greenville,US,35.6127,-77.3663,74.12,95,0,3.44,clear sky
507,Nantucket,US,41.2835,-70.0995,73.99,95,100,18.41,heavy intensity rain
508,Batken,KG,39.8333,71.0,66.63,21,0,6.17,clear sky
509,Alakurtti,RU,66.9672,30.3491,48.51,58,96,8.08,overcast clouds
510,Moose Factory,CA,51.2585,-80.6094,48.18,93,100,10.36,overcast clouds
511,Chilia Veche,RO,45.4167,29.2833,91.0,28,80,9.64,broken clouds
512,Mabaruma,GY,8.2,-59.7833,75.76,94,100,2.06,overcast clouds
513,Nakhon Phanom,TH,17.3333,104.4167,82.36,77,96,2.15,overcast clouds
514,Olinda,BR,-8.0089,-34.8553,74.93,83,75,9.22,broken clouds
515,Koumac,NC,-20.5667,164.2833,69.57,76,60,3.65,broken clouds
516,Fukue,JP,32.6881,128.8419,79.74,81,51,11.7,broken clouds
517,Norrtalje,SE,59.758,18.705,60.44,50,82,14.12,broken clouds
518,Kibakwe,TZ,-6.7167,36.3667,77.31,39,60,8.68,broken clouds
519,Tyrma,RU,50.0833,132.1667,53.06,94,25,2.44,scattered clouds
520,Ischia,IT,40.7342,13.9471,85.95,82,0,4.0,clear sky
521,Paracatu,BR,-17.2222,-46.8747,67.75,53,79,11.7,broken clouds
522,Charters Towers,AU,-20.1,146.2667,65.88,81,63,8.57,broken clouds
523,Catuday,PH,16.2923,119.8062,80.73,81,61,5.97,broken clouds
524,Urumqi,CN,43.801,87.6005,77.95,28,20,8.95,few clouds
525,Elk River,US,45.3038,-93.5672,63.37,90,0,7.07,clear sky
526,Sompeta,IN,18.9333,84.6,85.96,74,44,9.55,scattered clouds
527,Vondrozo,MG,-22.8167,47.2833,80.35,29,0,10.16,clear sky
528,Deputatskiy,RU,69.3,139.9,46.09,96,100,3.53,light rain
529,Opuwo,NA,-18.0607,13.84,90.05,12,0,8.28,clear sky
530,Rochegda,RU,62.8,43.25,55.44,55,100,10.65,overcast clouds
531,Marsh Harbour,BS,26.5412,-77.0636,83.01,74,6,7.16,clear sky
532,Bonavista,CA,48.6499,-53.1147,65.44,81,51,10.74,broken clouds
533,Ostrovnoy,RU,68.0531,39.5131,50.05,58,60,7.09,broken clouds
534,Alyangula,AU,-13.8483,136.4192,73.44,93,5,7.58,clear sky
535,Krasnovishersk,RU,60.4078,57.082,56.98,75,99,9.73,overcast clouds
536,Brownsville,US,25.9018,-97.4975,78.75,92,20,4.61,few clouds
537,Karagaylinskiy,RU,54.172,86.5521,73.35,55,50,6.4,scattered clouds
538,Ponta Delgada,PT,37.7333,-25.6667,75.92,78,20,5.75,few clouds
539,Souillac,MU,-20.5167,57.5167,75.58,64,20,12.66,few clouds
540,Oriximina,BR,-1.7656,-55.8661,81.95,45,3,3.69,clear sky
541,Chuncheng,CN,22.1731,111.7886,80.71,88,97,1.86,overcast clouds
542,Karaman,TR,37.0833,33.25,89.56,17,0,24.83,clear sky
543,Grand Gaube,MU,-20.0064,57.6608,75.6,63,4,8.99,clear sky
544,Kalabo,ZM,-14.97,22.6814,90.37,13,2,8.37,clear sky
545,Mandapam,IN,9.2833,79.1167,81.0,83,91,16.51,overcast clouds
546,Dayong,CN,25.0209,118.2898,81.7,80,45,2.91,scattered clouds
547,Bozuyuk,TR,39.9078,30.0367,86.34,50,11,12.35,few clouds
548,Meadow Lake,US,34.8014,-106.5436,66.33,78,35,6.49,scattered clouds
549,Cozumel,MX,20.5083,-86.9458,77.07,88,75,3.44,broken clouds
550,Port Lincoln,AU,-34.7333,135.8667,51.21,78,83,3.31,broken clouds
551,San Policarpo,PH,12.1791,125.5072,82.44,78,100,3.22,overcast clouds
552,Byron Bay,AU,-28.65,153.6167,58.95,86,14,7.52,light rain
553,Tual,ID,-5.6667,132.75,80.4,84,48,14.97,scattered clouds
554,Ust-Tsilma,RU,65.441,52.1498,53.51,39,77,7.94,broken clouds
555,Mackay,AU,-21.15,149.2,61.68,91,69,8.16,broken clouds
556,Srikakulam,IN,18.3,83.9,85.96,72,23,9.66,few clouds
557,Nantou,TW,23.8342,120.927,80.47,92,85,3.15,overcast clouds
558,Westport,US,41.1415,-73.3579,74.07,85,0,5.75,clear sky
559,Tiarei,PF,-17.5333,-149.3333,71.62,66,5,18.86,clear sky
560,Palana,RU,59.1167,159.9667,43.7,87,41,10.13,scattered clouds
561,Maningrida,AU,-12.0667,134.2667,77.02,85,44,9.62,scattered clouds
562,Helena,US,46.5927,-112.0361,60.98,49,0,3.0,clear sky
563,Birin,NP,26.8865,88.0718,66.42,97,99,1.43,overcast clouds
564,Vestmanna,FO,62.1564,-7.1664,52.72,71,20,8.05,few clouds
565,Ekibastuz,KZ,51.6667,75.3667,84.42,23,11,9.01,few clouds
566,Muros,ES,42.7762,-9.0603,70.09,86,60,6.73,broken clouds
567,La Tuque,CA,47.4334,-72.7824,64.65,88,100,4.61,overcast clouds
568,Cayenne,GF,4.9333,-52.3333,80.64,78,0,1.14,clear sky
569,San Cristobal,VE,7.7669,-72.225,71.78,84,61,3.94,broken clouds
570,Palmer,US,42.1584,-72.3287,69.62,87,75,3.44,broken clouds
571,Nanakuli,US,21.3906,-158.1547,75.15,78,0,5.75,clear sky
572,Fez,MA,34.0372,-4.9998,93.45,31,15,6.91,few clouds
573,Launceston,AU,-41.45,147.1667,51.8,88,100,13.8,overcast clouds
574,Dalen,NL,52.6992,6.7556,73.89,49,31,11.01,scattered clouds
575,Sabang,ID,5.8933,95.3214,83.17,75,70,17.85,broken clouds
576,Fortuna Foothills,US,32.6578,-114.4119,90.21,52,0,10.36,clear sky
577,Yining,CN,29.0361,114.5636,74.12,79,96,3.24,overcast clouds
578,Hohhot,CN,40.8106,111.6522,65.57,34,5,3.91,clear sky
579,Camacari,BR,-12.6975,-38.3242,74.97,68,96,10.83,overcast clouds
580,Hofn,IS,64.2539,-15.2082,53.62,100,100,9.22,mist
581,Ulaangom,MN,49.9811,92.0667,69.6,32,28,4.83,scattered clouds
582,Margate,GB,51.3813,1.3862,72.9,63,2,8.99,clear sky
583,Lincoln,US,40.8,-96.667,63.34,82,0,1.01,clear sky
584,Qax,AZ,41.4225,46.9242,90.59,18,0,6.31,clear sky
585,Bassila,BJ,9.0081,1.6654,76.59,84,100,5.73,light rain
586,Athabasca,CA,54.7169,-113.2854,50.41,60,1,3.74,clear sky
587,Brewster,US,41.3973,-73.6171,70.36,94,0,5.75,clear sky
588,Sovetskiy,RU,61.3614,63.5842,47.03,95,100,8.23,moderate rain
589,Banda Aceh,ID,5.5577,95.3222,81.63,77,89,11.41,overcast clouds
590,Erenhot,CN,43.6475,111.9767,68.05,27,0,9.51,clear sky
591,Boshnyakovo,RU,49.6333,142.1667,57.36,79,0,5.82,clear sky
592,Williams Lake,CA,52.1415,-122.1445,57.06,90,2,0.87,clear sky
593,Bosaso,SO,11.2842,49.1816,89.92,58,56,9.98,broken clouds
594,Usinsk,RU,65.9939,57.5281,50.92,56,91,9.24,overcast clouds
595,Dillon,US,34.4166,-79.3712,76.24,90,77,5.86,broken clouds
596,Fasa,IR,28.9383,53.6482,96.04,6,0,9.22,clear sky
597,Batagay-Alyta,RU,67.8006,130.4114,47.35,65,66,0.87,broken clouds
598,Beidao,CN,34.5686,105.8933,68.34,55,97,5.53,overcast clouds
599,Murgab,TM,37.4966,61.9714,97.59,10,0,15.48,clear sky
600,Aranos,NA,-24.1333,19.1167,86.76,12,39,18.43,scattered clouds
601,Cape Coast,GH,5.1053,-1.2466,76.5,85,96,9.35,light rain
602,Achacachi,BO,-16.05,-68.6833,43.83,63,1,1.3,clear sky
603,Magadan,RU,59.5667,150.8,51.4,79,17,1.77,few clouds
604,Presidente Franco,PY,-25.5333,-54.6167,59.76,67,0,12.66,clear sky
605,Bershet,RU,57.7309,56.3783,69.06,68,85,7.72,overcast clouds
606,Jackson,US,42.4165,-122.8345,65.05,61,0,0.0,clear sky
607,Katobu,ID,-4.9408,122.5276,74.37,91,38,3.85,scattered clouds
608,Namatanai,PG,-3.6667,152.4333,80.82,79,96,11.61,overcast clouds
609,De Aar,ZA,-30.6497,24.0123,69.13,19,2,10.54,clear sky
610,Eastlake,US,41.6539,-81.4504,70.02,76,0,9.22,clear sky
611,Slave Lake,CA,55.2834,-114.769,53.58,82,0,3.44,clear sky
612,Bardiyah,LY,31.7561,25.0865,85.08,53,0,17.4,clear sky
613,Taicheng,CN,38.731,113.228,59.92,57,11,6.71,few clouds
614,Saint-Francois,FR,46.4154,3.9054,78.67,57,0,3.44,clear sky
615,Luanda,AO,-8.8368,13.2343,75.92,70,17,16.91,few clouds
616,Isangel,VU,-19.55,169.2667,70.86,81,63,14.63,broken clouds
617,Nsanje,MW,-16.92,35.262,71.33,76,62,10.4,light rain
618,Kirovskiy,RU,45.0917,133.5136,60.57,90,12,1.52,few clouds
619,Reconquista,AR,-29.15,-59.65,63.57,58,3,9.66,clear sky
620,Roald,NO,62.5833,6.1333,69.17,63,0,10.36,clear sky
621,Trogir,HR,43.5125,16.2517,87.85,37,20,12.66,few clouds
622,El Alto,PE,-4.2714,-81.2147,60.46,78,93,10.36,overcast clouds
623,Haimen,CN,23.1935,116.6142,82.49,81,2,2.75,clear sky
624,Palu,ID,-0.8917,119.8707,75.92,92,80,1.63,broken clouds
625,Turayf,SA,31.6725,38.6637,106.05,11,0,0.0,clear sky
626,Saint-Pierre,RE,-21.3393,55.4781,76.68,67,0,5.75,clear sky
627,Santa Cruz,BO,-17.8,-63.1667,69.85,60,0,4.61,smoke
628,Kilrush,IE,52.6397,-9.4833,67.75,54,100,10.25,overcast clouds
629,Verkhnetulomskiy,RU,68.6073,31.7962,48.13,86,99,6.17,overcast clouds
630,Vila,PT,42.0304,-8.1588,69.69,48,3,4.74,clear sky
631,Altea,ES,38.5989,-0.0514,92.48,66,5,10.0,clear sky
632,Tabuk,PH,17.4189,121.4443,76.46,94,55,5.01,broken clouds
633,Dingle,PH,10.9995,122.6711,78.53,87,46,5.3,scattered clouds
634,Ballitoville,ZA,-29.539,31.2144,71.17,40,40,18.41,scattered clouds
635,Santa Lucia,ES,27.9117,-15.5407,71.76,88,75,16.11,light rain
636,Ust-Kan,RU,50.9276,84.761,64.42,52,93,4.7,overcast clouds
637,Camalu,MX,30.85,-116.0667,72.36,81,5,6.67,clear sky
638,Mallow,IE,52.1333,-8.6333,69.1,50,100,9.35,overcast clouds
639,Levelland,US,33.5873,-102.378,67.19,93,100,9.06,overcast clouds
640,Maneadero,MX,31.7167,-116.5667,69.1,89,0,5.01,clear sky
641,Sagaing,MM,21.8787,95.9797,91.58,66,75,3.44,broken clouds
642,Sao Jose Da Coroa Grande,BR,-8.8978,-35.1478,75.67,80,77,12.48,broken clouds
643,Solvychegodsk,RU,61.3305,46.9156,54.77,65,100,8.95,overcast clouds
644,Sinnamary,GF,5.3833,-52.95,79.59,83,90,6.15,overcast clouds
645,Ouadda,CF,8.0777,22.4007,78.89,83,96,4.03,moderate rain
646,Yar-Sale,RU,66.8333,70.8333,49.96,56,93,13.29,overcast clouds
647,Jiangyou,CN,31.7667,104.7167,65.73,93,100,2.55,overcast clouds
648,Placido De Castro,BR,-10.3353,-67.1856,75.67,46,0,1.32,clear sky
649,Vanimo,PG,-2.6741,141.3028,79.27,86,100,5.41,overcast clouds
650,Taitung,TW,22.7583,121.1444,82.67,89,75,4.61,broken clouds
651,Portland,US,45.5234,-122.6762,70.2,80,20,4.61,few clouds
652,Antalaha,MG,-14.9003,50.2788,76.12,61,2,6.64,clear sky
653,Valday,RU,57.9747,33.2525,47.39,92,100,14.05,overcast clouds
654,Atherton,GB,53.5237,-2.4935,74.21,59,64,1.99,broken clouds
655,Lazaro Cardenas,MX,17.9583,-102.2,77.38,89,83,4.21,broken clouds
656,Tarpon Springs,US,28.1461,-82.7568,82.0,92,0,5.99,clear sky
657,Gat,IL,31.61,34.7642,101.39,100,0,14.18,clear sky
658,Moindou,NC,-21.6924,165.677,68.27,81,17,5.86,few clouds
